[{"fields": {"echo_time": 30.0, "number_of_rejected_subjects": null, "inclusion_exclusion_criteria": "", "group_comparison": true, "subject_age_max": null, "add_date": "2015-02-23T23:55:03.666Z", "journal_name": "Neurobiology of Aging", "used_intersubject_registration": null, "intrasubject_estimation_type": "", "field_of_view": 256.0, "order_of_preprocessing_operations": "", "smoothing_type": "", "subject_age_min": null, "name": "Age dependence of hemodynamic response characteristics in human functional magnetic resonance imaging", "length_of_blocks": 60.0, "used_orthogonalization": null, "used_b0_unwarping": null, "used_temporal_derivatives": null, "software_package": "FSL", "scanner_model": "TIM Trio", "high_pass_filter_method": "", "proportion_male_subjects": null, "number_of_imaging_runs": 1, "order_of_acquisition": "ascending", "interpolation_method": "Linear", "group_repeated_measures_method": "", "motion_correction_software": "", "used_motion_regressors": null, "functional_coregistered_to_structural": null, "motion_correction_interpolation": "", "type_of_design": "blocked", "optimization_method": "", "hemodynamic_response_function": "", "group_model_type": "", "used_slice_timing_correction": null, "intrasubject_modeling_software": "", "target_template_image": "", "resampled_voxel_size": null, "object_image_type": "", "group_description": "Younger and older adults", "used_dispersion_derivatives": null, "functional_coregistration_method": "", "length_of_trials": 4.0, "DOI": "10.1016/j.neurobiolaging.2012.11.002", "number_of_subjects": 64, "used_motion_correction": null, "private": false, "pulse_sequence": "BOLD", "used_high_pass_filter": null, "full_dataset_url": "", "orthogonalization_description": "", "acquisition_orientation": "", "owner": 1, "group_repeated_measures": null, "motion_correction_reference": "", "group_model_multilevel": "", "number_of_experimental_units": 4, "handedness": "right", "coordinate_space": "mni", "transform_similarity_metric": "", "repetition_time": 3.0, "slice_thickness": 7.0, "length_of_runs": 600.0, "private_token": null, "software_version": "", "autocorrelation_model": "", "b0_unwarping_software": "", "authors": "Claudine J. Gauthier, C\u00e9cile Madjar, Laurence Desjardins-Cr\u00e9peau, Pierre Bellec, Louis Bherer and Richard D. Hoge", "intersubject_transformation_type": "linear", "quality_control": "", "used_smoothing": true, "smoothing_fwhm": 6.0, "intrasubject_model_type": "", "matrix_size": 64, "optimization": null, "modify_date": "2015-02-24T00:02:51.417Z", "group_inference_type": "randommixedeffects", "subject_age_mean": null, "used_motion_susceptibiity_correction": null, "contributors": [], "skip_factor": 0.7, "used_reaction_time_regressor": null, "group_modeling_software": "", "parallel_imaging": "2", "intersubject_registration_software": "FSL", "nonlinear_transform_type": "", "description": "Age-related differences in BOLD and ASL for a modified Stroop task.\r\n", "field_strength": null, "group_estimation_type": "", "target_resolution": null, "slice_timing_correction_software": "", "scanner_make": "Siemens", "flip_angle": 90.0, "url": "http://linkinghub.elsevier.com/retrieve/pii/S0197458012005684", "motion_correction_metric": ""}, "model": "statmaps.collection", "pk": 7}, {"fields": {"echo_time": null, "number_of_rejected_subjects": null, "inclusion_exclusion_criteria": "", "group_comparison": null, "subject_age_max": null, "add_date": "2015-02-24T00:06:59.605Z", "journal_name": "", "used_intersubject_registration": null, "intrasubject_estimation_type": "", "field_of_view": null, "order_of_preprocessing_operations": "", "smoothing_type": "", "subject_age_min": null, "name": "MNI", "length_of_blocks": null, "used_orthogonalization": null, "used_b0_unwarping": null, "used_temporal_derivatives": null, "software_package": "", "scanner_model": "", "high_pass_filter_method": "", "proportion_male_subjects": null, "number_of_imaging_runs": null, "order_of_acquisition": null, "interpolation_method": "", "group_repeated_measures_method": "", "motion_correction_software": "", "used_motion_regressors": null, "functional_coregistered_to_structural": null, "motion_correction_interpolation": "", "type_of_design": null, "optimization_method": "", "hemodynamic_response_function": "", "group_model_type": "", "used_slice_timing_correction": null, "intrasubject_modeling_software": "", "target_template_image": "", "resampled_voxel_size": null, "object_image_type": "", "group_description": "", "used_dispersion_derivatives": null, "functional_coregistration_method": "", "length_of_trials": null, "DOI": null, "number_of_subjects": null, "used_motion_correction": null, "private": false, "pulse_sequence": "", "used_high_pass_filter": null, "full_dataset_url": "", "orthogonalization_description": "", "acquisition_orientation": "", "owner": 1, "group_repeated_measures": null, "motion_correction_reference": "", "group_model_multilevel": "", "number_of_experimental_units": null, "handedness": null, "coordinate_space": null, "transform_similarity_metric": "", "repetition_time": null, "slice_thickness": null, "length_of_runs": null, "private_token": null, "software_version": "", "autocorrelation_model": "", "b0_unwarping_software": "", "authors": "", "intersubject_transformation_type": null, "quality_control": "", "used_smoothing": null, "smoothing_fwhm": null, "intrasubject_model_type": "", "matrix_size": null, "optimization": null, "modify_date": "2015-02-24T00:07:06.025Z", "group_inference_type": null, "subject_age_mean": null, "used_motion_susceptibiity_correction": null, "contributors": [], "skip_factor": null, "used_reaction_time_regressor": null, "group_modeling_software": "", "parallel_imaging": "", "intersubject_registration_software": "", "nonlinear_transform_type": "", "description": "", "field_strength": null, "group_estimation_type": "", "target_resolution": null, "slice_timing_correction_software": "", "scanner_make": "", "flip_angle": null, "url": "", "motion_correction_metric": ""}, "model": "statmaps.collection", "pk": 9}, {"fields": {"echo_time": null, "number_of_rejected_subjects": null, "inclusion_exclusion_criteria": "", "group_comparison": null, "subject_age_max": null, "add_date": "2015-02-24T00:12:23.092Z", "journal_name": "", "used_intersubject_registration": null, "intrasubject_estimation_type": "", "field_of_view": null, "order_of_preprocessing_operations": "", "smoothing_type": "", "subject_age_min": null, "name": "NIDM", "length_of_blocks": null, "used_orthogonalization": null, "used_b0_unwarping": null, "used_temporal_derivatives": null, "software_package": "", "scanner_model": "", "high_pass_filter_method": "", "proportion_male_subjects": null, "number_of_imaging_runs": null, "order_of_acquisition": null, "interpolation_method": "", "group_repeated_measures_method": "", "motion_correction_software": "", "used_motion_regressors": null, "functional_coregistered_to_structural": null, "motion_correction_interpolation": "", "type_of_design": null, "optimization_method": "", "hemodynamic_response_function": "", "group_model_type": "", "used_slice_timing_correction": null, "intrasubject_modeling_software": "", "target_template_image": "", "resampled_voxel_size": null, "object_image_type": "", "group_description": "", "used_dispersion_derivatives": null, "functional_coregistration_method": "", "length_of_trials": null, "DOI": null, "number_of_subjects": null, "used_motion_correction": null, "private": false, "pulse_sequence": "", "used_high_pass_filter": null, "full_dataset_url": "", "orthogonalization_description": "", "acquisition_orientation": "", "owner": 2, "group_repeated_measures": null, "motion_correction_reference": "", "group_model_multilevel": "", "number_of_experimental_units": null, "handedness": null, "coordinate_space": null, "transform_similarity_metric": "", "repetition_time": null, "slice_thickness": null, "length_of_runs": null, "private_token": null, "software_version": "", "autocorrelation_model": "", "b0_unwarping_software": "", "authors": "", "intersubject_transformation_type": null, "quality_control": "", "used_smoothing": null, "smoothing_fwhm": null, "intrasubject_model_type": "", "matrix_size": null, "optimization": null, "modify_date": "2015-02-24T00:12:49.212Z", "group_inference_type": null, "subject_age_mean": null, "used_motion_susceptibiity_correction": null, "contributors": [], "skip_factor": null, "used_reaction_time_regressor": null, "group_modeling_software": "", "parallel_imaging": "", "intersubject_registration_software": "", "nonlinear_transform_type": "", "description": "", "field_strength": null, "group_estimation_type": "", "target_resolution": null, "slice_timing_correction_software": "", "scanner_make": "", "flip_angle": null, "url": "", "motion_correction_metric": ""}, "model": "statmaps.collection", "pk": 10}, {"fields": {"file": "images/7/zstat-young-old.nii.gz", "description": "FSL4.1", "figure": null, "add_date": "2015-02-24T00:02:51.111Z", "collection": 7, "modify_date": "2015-02-24T00:02:51.111Z", "polymorphic_ctype": 11, "name": "zstat young old"}, "model": "statmaps.image", "pk": 139}, {"fields": {"file": "images/7/zstat-old-young.nii.gz", "description": "FSL4.1", "figure": null, "add_date": "2015-02-24T00:02:51.263Z", "collection": 7, "modify_date": "2015-02-24T00:02:51.263Z", "polymorphic_ctype": 11, "name": "zstat old young"}, "model": "statmaps.image", "pk": 140}, {"fields": {"file": "images/7/zstat-old.nii.gz", "description": "FSL4.1", "figure": null, "add_date": "2015-02-24T00:02:51.339Z", "collection": 7, "modify_date": "2015-02-24T00:02:51.339Z", "polymorphic_ctype": 11, "name": "zstat old"}, "model": "statmaps.image", "pk": 141}, {"fields": {"file": "images/7/zstat-young.nii.gz", "description": "FSL4.1", "figure": null, "add_date": "2015-02-24T00:02:51.422Z", "collection": 7, "modify_date": "2015-02-24T00:02:51.422Z", "polymorphic_ctype": 11, "name": "zstat young"}, "model": "statmaps.image", "pk": 142}, {"fields": {"file": "images/9/MNI-maxprob-thr0-2mm.nii.gz", "description": "FSL3.3", "figure": null, "add_date": "2015-02-24T00:07:05.725Z", "collection": 9, "modify_date": "2015-02-24T00:07:05.725Z", "polymorphic_ctype": 11, "name": "MNI maxprob thr0 2mm"}, "model": "statmaps.image", "pk": 145}, {"fields": {"file": "images/9/MNI-maxprob-thr50-2mm.nii.gz", "description": "FSL3.3", "figure": null, "add_date": "2015-02-24T00:07:05.826Z", "collection": 9, "modify_date": "2015-02-24T00:07:05.826Z", "polymorphic_ctype": 11, "name": "MNI maxprob thr50 2mm"}, "model": "statmaps.image", "pk": 146}, {"fields": {"file": "images/9/MNI-maxprob-thr50-1mm.nii.gz", "description": "FSL3.3", "figure": null, "add_date": "2015-02-24T00:07:05.868Z", "collection": 9, "modify_date": "2015-02-24T00:07:05.868Z", "polymorphic_ctype": 11, "name": "MNI maxprob thr50 1mm"}, "model": "statmaps.image", "pk": 147}, {"fields": {"file": "images/9/MNI-maxprob-thr25-2mm.nii.gz", "description": "FSL3.3", "figure": null, "add_date": "2015-02-24T00:07:05.919Z", "collection": 9, "modify_date": "2015-02-24T00:07:05.919Z", "polymorphic_ctype": 14, "name": "MNI maxprob thr25 2mm"}, "model": "statmaps.image", "pk": 148}, {"fields": {"file": "images/9/MNI-maxprob-thr25-1mm.nii.gz", "description": "FSL3.3", "figure": null, "add_date": "2015-02-24T00:07:05.971Z", "collection": 9, "modify_date": "2015-02-24T00:07:05.971Z", "polymorphic_ctype": 14, "name": "MNI maxprob thr25 1mm"}, "model": "statmaps.image", "pk": 149}, {"fields": {"file": "images/9/MNI-maxprob-thr0-1mm.nii.gz", "description": "FSL3.3", "figure": null, "add_date": "2015-02-24T00:07:06.033Z", "collection": 9, "modify_date": "2015-02-24T00:07:06.033Z", "polymorphic_ctype": 11, "name": "MNI maxprob thr0 1mm"}, "model": "statmaps.image", "pk": 150}, {"fields": {"file": "images/10/fsl.nidm/ZStatistic.nii.gz", "description": "NIDM Results", "figure": null, "add_date": "2015-02-24T00:12:44.191Z", "collection": 10, "modify_date": "2015-02-24T00:12:44.259Z", "polymorphic_ctype": 13, "name": "Z-Statistic Map: Generation"}, "model": "statmaps.image", "pk": 151}, {"fields": {"file": "images/10/fsl.nidm/TStatistic.nii.gz", "description": "NIDM Results", "figure": null, "add_date": "2015-02-24T00:12:44.296Z", "collection": 10, "modify_date": "2015-02-24T00:12:44.378Z", "polymorphic_ctype": 13, "name": "Statistic Map: Generation"}, "model": "statmaps.image", "pk": 152}, {"fields": {"file": "images/10/spm_example.nidm/TStatistic.nii.gz", "description": "NIDM Results", "figure": null, "add_date": "2015-02-24T00:12:45.035Z", "collection": 10, "modify_date": "2015-02-24T00:12:45.135Z", "polymorphic_ctype": 13, "name": "Statistic Map: passive listening > rest"}, "model": "statmaps.image", "pk": 153}, {"fields": {"file": "images/10/spm_nosubdir.nidm/ZStatistic_T002.nii.gz", "description": "NIDM Results", "figure": null, "add_date": "2015-02-24T00:12:46.284Z", "collection": 10, "modify_date": "2015-02-24T00:12:46.354Z", "polymorphic_ctype": 13, "name": "Z-Statistic Map: Shad"}, "model": "statmaps.image", "pk": 154}, {"fields": {"file": "images/10/spm_nosubdir.nidm/TStatistic_T002.nii.gz", "description": "NIDM Results", "figure": null, "add_date": "2015-02-24T00:12:46.397Z", "collection": 10, "modify_date": "2015-02-24T00:12:46.467Z", "polymorphic_ctype": 13, "name": "Statistic Map: Shad"}, "model": "statmaps.image", "pk": 155}, {"fields": {"file": "images/10/spm_nosubdir.nidm/FStatistic_F001.nii.gz", "description": "NIDM Results", "figure": null, "add_date": "2015-02-24T00:12:46.526Z", "collection": 10, "modify_date": "2015-02-24T00:12:46.666Z", "polymorphic_ctype": 13, "name": "Statistic Map: Generation FStatistic"}, "model": "statmaps.image", "pk": 156}, {"fields": {"file": "images/10/spm_nosubdir.nidm/ZStatistic_T001.nii.gz", "description": "NIDM Results", "figure": null, "add_date": "2015-02-24T00:12:46.720Z", "collection": 10, "modify_date": "2015-02-24T00:12:46.841Z", "polymorphic_ctype": 13, "name": "Z-Statistic Map: Generation ZStatistic"}, "model": "statmaps.image", "pk": 157}, {"fields": {"file": "images/10/spm_nosubdir.nidm/ZStatistic_F001.nii.gz", "description": "NIDM Results", "figure": null, "add_date": "2015-02-24T00:12:46.896Z", "collection": 10, "modify_date": "2015-02-24T00:12:47.060Z", "polymorphic_ctype": 13, "name": "Z-Statistic Map: Generation ZStatistic"}, "model": "statmaps.image", "pk": 158}, {"fields": {"file": "images/10/spm_nosubdir.nidm/TStatistic_T001.nii.gz", "description": "NIDM Results", "figure": null, "add_date": "2015-02-24T00:12:47.111Z", "collection": 10, "modify_date": "2015-02-24T00:12:47.190Z", "polymorphic_ctype": 13, "name": "Statistic Map: Generation TStatistic"}, "model": "statmaps.image", "pk": 159}, {"fields": {"file": "images/10/two_contrasts.nidm/ZStatistic_T002.nii.gz", "description": "NIDM Results", "figure": null, "add_date": "2015-02-24T00:12:48.336Z", "collection": 10, "modify_date": "2015-02-24T00:12:48.419Z", "polymorphic_ctype": 13, "name": "Z-Statistic Map: Shad"}, "model": "statmaps.image", "pk": 160}, {"fields": {"file": "images/10/two_contrasts.nidm/TStatistic_T002.nii.gz", "description": "NIDM Results", "figure": null, "add_date": "2015-02-24T00:12:48.476Z", "collection": 10, "modify_date": "2015-02-24T00:12:48.566Z", "polymorphic_ctype": 13, "name": "Statistic Map: Shad"}, "model": "statmaps.image", "pk": 161}, {"fields": {"file": "images/10/two_contrasts.nidm/FStatistic_F001.nii.gz", "description": "NIDM Results", "figure": null, "add_date": "2015-02-24T00:12:48.625Z", "collection": 10, "modify_date": "2015-02-24T00:12:48.708Z", "polymorphic_ctype": 13, "name": "Statistic Map: Generation FStatistic"}, "model": "statmaps.image", "pk": 162}, {"fields": {"file": "images/10/two_contrasts.nidm/ZStatistic_T001.nii.gz", "description": "NIDM Results", "figure": null, "add_date": "2015-02-24T00:12:48.772Z", "collection": 10, "modify_date": "2015-02-24T00:12:48.883Z", "polymorphic_ctype": 13, "name": "Z-Statistic Map: Generation ZStatistic"}, "model": "statmaps.image", "pk": 163}, {"fields": {"file": "images/10/two_contrasts.nidm/ZStatistic_F001.nii.gz", "description": "NIDM Results", "figure": null, "add_date": "2015-02-24T00:12:48.944Z", "collection": 10, "modify_date": "2015-02-24T00:12:49.061Z", "polymorphic_ctype": 13, "name": "Z-Statistic Map: Generation ZStatistic"}, "model": "statmaps.image", "pk": 164}, {"fields": {"file": "images/10/two_contrasts.nidm/TStatistic_T001.nii.gz", "description": "NIDM Results", "figure": null, "add_date": "2015-02-24T00:12:49.125Z", "collection": 10, "modify_date": "2015-02-24T00:12:49.220Z", "polymorphic_ctype": 13, "name": "Statistic Map: Generation TStatistic"}, "model": "statmaps.image", "pk": 165}, {"fields": {"map_type": "Other", "contrast_definition_cogatlas": null, "smoothness_fwhm": null, "contrast_definition": null, "statistic_parameters": null}, "model": "statmaps.statisticmap", "pk": 139}, {"fields": {"map_type": "Other", "contrast_definition_cogatlas": null, "smoothness_fwhm": null, "contrast_definition": null, "statistic_parameters": null}, "model": "statmaps.statisticmap", "pk": 140}, {"fields": {"map_type": "Other", "contrast_definition_cogatlas": null, "smoothness_fwhm": null, "contrast_definition": null, "statistic_parameters": null}, "model": "statmaps.statisticmap", "pk": 141}, {"fields": {"map_type": "Other", "contrast_definition_cogatlas": null, "smoothness_fwhm": null, "contrast_definition": null, "statistic_parameters": null}, "model": "statmaps.statisticmap", "pk": 142}, {"fields": {"map_type": "Other", "contrast_definition_cogatlas": null, "smoothness_fwhm": null, "contrast_definition": null, "statistic_parameters": null}, "model": "statmaps.statisticmap", "pk": 145}, {"fields": {"map_type": "Other", "contrast_definition_cogatlas": null, "smoothness_fwhm": null, "contrast_definition": null, "statistic_parameters": null}, "model": "statmaps.statisticmap", "pk": 146}, {"fields": {"map_type": "Other", "contrast_definition_cogatlas": null, "smoothness_fwhm": null, "contrast_definition": null, "statistic_parameters": null}, "model": "statmaps.statisticmap", "pk": 147}, {"fields": {"map_type": "Other", "contrast_definition_cogatlas": null, "smoothness_fwhm": null, "contrast_definition": null, "statistic_parameters": null}, "model": "statmaps.statisticmap", "pk": 150}, {"fields": {"name": "fsl.nidm", "add_date": "2015-02-24T00:12:44.031Z", "zip_file": "images/10/fsl.nidm/fsl.nidm.zip", "ttl_file": "images/10/fsl.nidm/nidm.ttl", "collection": 10, "provn_file": "images/10/fsl.nidm/nidm.provn", "modify_date": "2015-02-24T00:12:44.031Z", "description": "NIDM Results"}, "model": "statmaps.nidmresults", "pk": 5}, {"fields": {"name": "spm_example.nidm", "add_date": "2015-02-24T00:12:44.780Z", "zip_file": "images/10/spm_example.nidm/spm_example.nidm.zip", "ttl_file": "images/10/spm_example.nidm/nidm.ttl", "collection": 10, "provn_file": "images/10/spm_example.nidm/nidm.provn", "modify_date": "2015-02-24T00:12:44.780Z", "description": "NIDM Results"}, "model": "statmaps.nidmresults", "pk": 6}, {"fields": {"name": "spm_nosubdir.nidm", "add_date": "2015-02-24T00:12:45.951Z", "zip_file": "images/10/spm_nosubdir.nidm/spm_nosubdir.nidm.zip", "ttl_file": "images/10/spm_nosubdir.nidm/nidm.ttl", "collection": 10, "provn_file": "images/10/spm_nosubdir.nidm/nidm.provn", "modify_date": "2015-02-24T00:12:45.951Z", "description": "NIDM Results"}, "model": "statmaps.nidmresults", "pk": 7}, {"fields": {"name": "two_contrasts.nidm", "add_date": "2015-02-24T00:12:48.036Z", "zip_file": "images/10/two_contrasts.nidm/two_contrasts.nidm.zip", "ttl_file": "images/10/two_contrasts.nidm/nidm.ttl", "collection": 10, "provn_file": "images/10/two_contrasts.nidm/nidm.provn", "modify_date": "2015-02-24T00:12:48.036Z", "description": "NIDM Results"}, "model": "statmaps.nidmresults", "pk": 8}, {"fields": {"map_type": "Z", "nidm_results": 5}, "model": "statmaps.nidmresultstatisticmap", "pk": 151}, {"fields": {"map_type": "T", "nidm_results": 5}, "model": "statmaps.nidmresultstatisticmap", "pk": 152}, {"fields": {"map_type": "T", "nidm_results": 6}, "model": "statmaps.nidmresultstatisticmap", "pk": 153}, {"fields": {"map_type": "Z", "nidm_results": 7}, "model": "statmaps.nidmresultstatisticmap", "pk": 154}, {"fields": {"map_type": "T", "nidm_results": 7}, "model": "statmaps.nidmresultstatisticmap", "pk": 155}, {"fields": {"map_type": "F", "nidm_results": 7}, "model": "statmaps.nidmresultstatisticmap", "pk": 156}, {"fields": {"map_type": "Z", "nidm_results": 7}, "model": "statmaps.nidmresultstatisticmap", "pk": 157}, {"fields": {"map_type": "Z", "nidm_results": 7}, "model": "statmaps.nidmresultstatisticmap", "pk": 158}, {"fields": {"map_type": "T", "nidm_results": 7}, "model": "statmaps.nidmresultstatisticmap", "pk": 159}, {"fields": {"map_type": "Z", "nidm_results": 8}, "model": "statmaps.nidmresultstatisticmap", "pk": 160}, {"fields": {"map_type": "T", "nidm_results": 8}, "model": "statmaps.nidmresultstatisticmap", "pk": 161}, {"fields": {"map_type": "F", "nidm_results": 8}, "model": "statmaps.nidmresultstatisticmap", "pk": 162}, {"fields": {"map_type": "Z", "nidm_results": 8}, "model": "statmaps.nidmresultstatisticmap", "pk": 163}, {"fields": {"map_type": "Z", "nidm_results": 8}, "model": "statmaps.nidmresultstatisticmap", "pk": 164}, {"fields": {"map_type": "T", "nidm_results": 8}, "model": "statmaps.nidmresultstatisticmap", "pk": 165}, {"fields": {"label_description_file": "images/9/MNI-maxprob-thr25-2mm.xml"}, "model": "statmaps.atlas", "pk": 148}, {"fields": {"label_description_file": "images/9/MNI-maxprob-thr25-1mm.xml"}, "model": "statmaps.atlas", "pk": 149}]