<?xml version="1.0" encoding="ISO-8859-1"?>
<atlas version="1.0">
  <header>
    <name>Neubert Ventral Frontal connectivity-based parcellation</name>
    <shortname>Ventral Frontal CBP</shortname>
    <type>Probabalistic</type>
    <images>
      <imagefile>/NeubertVentralFrontalParcellation/VentralFrontal_thr25_2mm</imagefile>
      <summaryimagefile>/NeubertVentralFrontalParcellation/VentralFrontal_thr75_summaryimage_2mm</summaryimagefile>
    </images>
    <images>
      <imagefile>/NeubertVentralFrontalParcellation/VentralFrontal_thr25_1mm</imagefile>
      <summaryimagefile>/NeubertVentralFrontalParcellation/VentralFrontal_thr75_summaryimage_1mm</summaryimagefile>
    </images>
  </header>
  <data>
<label index="0" x="19" y="63" z="52">6v</label>
<label index="1" x="22" y="65" z="42">6r</label>
<label index="2" x="24" y="69" z="48">IFJ</label>
<label index="3" x="22" y="74" z="45">44d</label>
<label index="4" x="25" y="73" z="41">44v</label>
<label index="5" x="26" y="77" z="35">45A</label>
<label index="6" x="29" y="76" z="28">Fop</label>
<label index="7" x="24" y="80" z="32">47</label>
<label index="8" x="23" y="82" z="40">IFS</label>
<label index="9" x="28" y="86" z="42">46</label>
<label index="10" x="32" y="90" z="36">FPl</label>
<label index="11" x="38" y="92" z="37">FPm</label>
  </data>
</atlas>
